GeneSymbol,DATE.ADDED.TO.CATALOG,PUBMEDID,FIRST.AUTHOR,DATE,JOURNAL,LINK,STUDY,DISEASE.TRAIT,INITIAL.SAMPLE.SIZE,REPLICATION.SAMPLE.SIZE,REGION,CHR_ID,CHR_POS,REPORTED.GENE.S.,MAPPED_GENE,UPSTREAM_GENE_ID,DOWNSTREAM_GENE_ID,SNP_GENE_IDS,UPSTREAM_GENE_DISTANCE,DOWNSTREAM_GENE_DISTANCE,STRONGEST.SNP.RISK.ALLELE,SNPS,MERGED,SNP_ID_CURRENT,CONTEXT,INTERGENIC,RISK.ALLELE.FREQUENCY,P.VALUE,PVALUE_MLOG,P.VALUE..TEXT.,OR.or.BETA,X95..CI..TEXT.,PLATFORM..SNPS.PASSING.QC.,CNV,MAPPED_TRAIT,MAPPED_TRAIT_URI,STUDY.ACCESSION,GENOTYPING.TECHNOLOGY
intergenic,2010-10-14,20885792,Naj AC,2010-09-23,PLoS Genet,www.ncbi.nlm.nih.gov/pubmed/20885792,Dementia revealed: novel chromosome 6 locus for late-onset Alzheimer disease provides genetic evidence for folate-pathway abnormalities.,Alzheimer's disease (late onset),"931 cases, 1,104 controls","1,338 cases, 2,003 controls",2q13,2,109018801,intergenic,EDAR - NA,ENSG00000135960,,,29429,NA,rs4676049-A,rs4676049,0,4676049,intergenic_variant,1,0.08,4e-8,7.3979400086720375,,1.76,[1.44-2.15],Illumina [483399],N,Alzheimer's disease,http://www.ebi.ac.uk/efo/EFO_0000249,GCST000808,Genome-wide genotyping array
APOE,2010-10-14,20885792,Naj AC,2010-09-23,PLoS Genet,www.ncbi.nlm.nih.gov/pubmed/20885792,Dementia revealed: novel chromosome 6 locus for late-onset Alzheimer disease provides genetic evidence for folate-pathway abnormalities.,Alzheimer's disease (late onset),"931 cases, 1,104 controls","1,338 cases, 2,003 controls",19q13.32,19,44892362,"APOE, TOMM40",TOMM40,,,ENSG00000130204,NA,NA,rs2075650-G,rs2075650,0,2075650,intron_variant,0,0.20,5e-36,35.30102999566398,,2.94,[2.48-3.47],Illumina [483399],N,Alzheimer's disease,http://www.ebi.ac.uk/efo/EFO_0000249,GCST000808,Genome-wide genotyping array
MTHFD1L,2010-10-14,20885792,Naj AC,2010-09-23,PLoS Genet,www.ncbi.nlm.nih.gov/pubmed/20885792,Dementia revealed: novel chromosome 6 locus for late-onset Alzheimer disease provides genetic evidence for folate-pathway abnormalities.,Alzheimer's disease (late onset),"931 cases, 1,104 controls","1,338 cases, 2,003 controls",6q25.1,6,150885942,MTHFD1L,MTHFD1L,,,ENSG00000120254,NA,NA,rs11754661-A,rs11754661,0,11754661,intron_variant,0,0.07,2e-10,9.698970004336019,,2.1,[1.67-2.64],Illumina [483399],N,Alzheimer's disease,http://www.ebi.ac.uk/efo/EFO_0000249,GCST000808,Genome-wide genotyping array
FBXL7,2016-06-29,26339675,Tosto G,2015-06-18,Ann Clin Transl Neurol,www.ncbi.nlm.nih.gov/pubmed/26339675,F-box/LRR-repeat protein 7 is genetically associated with Alzheimer's disease.,Alzheimer's disease (late onset),"2,451 Caribbean Hispanic cases, 2,063 Caribbean Hispanic controls","550 Caribbean Hispanic cases, 236 Caribbean Hispanic controls",5p15.1,5,15669858,FBXL7,FBXL7,,,ENSG00000183580,NA,NA,rs75002042-T,rs75002042,0,75002042,intron_variant,0,0.92,5e-8,7.301029995663981,(adjusted for APOE),1.59,[1.33-1.85],"Affymetrix, Illumina [8837542] (imputed)",N,Alzheimer's disease,http://www.ebi.ac.uk/efo/EFO_0000249,GCST002983,Genome-wide genotyping array
TOMM40,2016-06-29,26339675,Tosto G,2015-06-18,Ann Clin Transl Neurol,www.ncbi.nlm.nih.gov/pubmed/26339675,F-box/LRR-repeat protein 7 is genetically associated with Alzheimer's disease.,Alzheimer's disease (late onset),"2,451 Caribbean Hispanic cases, 2,063 Caribbean Hispanic controls","550 Caribbean Hispanic cases, 236 Caribbean Hispanic controls",19q13.32,19,44901322,"TOMM40, APOE",TOMM40,,,ENSG00000130204,NA,NA,rs394819-T,rs394819,0,394819,missense_variant,0,0.07,8e-11,10.096910013008056,,1.89,[1.55-2.3],"Affymetrix, Illumina [8837542] (imputed)",N,Alzheimer's disease,http://www.ebi.ac.uk/efo/EFO_0000249,GCST002983,Genome-wide genotyping array
APOE,2008-09-08,17474819,Coon KD,2007-04-01,J Clin Psychiatry,www.ncbi.nlm.nih.gov/pubmed/17474819,A high-density whole-genome association study reveals that APOE is the major susceptibility gene for sporadic late-onset Alzheimer's disease.,Alzheimer's disease (late onset),"664 European ancestry cases, 422 European ancestry controls",NA,19q13.32,19,44919689,APOE,APOC1 - APOC1P1,ENSG00000130208,ENSG00000214855,,340,7115,rs4420638-?,rs4420638,0,4420638,regulatory_region_variant,1,NR,1e-39,39,,4.01,[NR],Affymetrix [~ 502627],N,Alzheimer's disease,http://www.ebi.ac.uk/efo/EFO_0000249,GCST000018,Genome-wide genotyping array
BIN1,2011-04-06,21390209,Hu X,2011-02-24,PLoS One,www.ncbi.nlm.nih.gov/pubmed/21390209,Meta-analysis for genome-wide association study identifies multiple variants at the BIN1 locus associated with late-onset Alzheimer's disease.,Alzheimer's disease (late onset),"1,831 European ancestry cases, 1,764 European ancestry controls","751 cases, 751 controls",2q14.3,2,127130409,BIN1,BIN1 - NIFKP9,ENSG00000136717,ENSG00000237630,,23121,39602,rs12989701-?,rs12989701,0,12989701,regulatory_region_variant,1,NR,3e-10,9.522878745280337,,1.23,[NR],"Affymetrix, Illumina [NR] (imputed)",N,Alzheimer's disease,http://www.ebi.ac.uk/efo/EFO_0000249,GCST000986,Genome-wide genotyping array
BIN1,2011-04-06,21390209,Hu X,2011-02-24,PLoS One,www.ncbi.nlm.nih.gov/pubmed/21390209,Meta-analysis for genome-wide association study identifies multiple variants at the BIN1 locus associated with late-onset Alzheimer's disease.,Alzheimer's disease (late onset),"1,831 European ancestry cases, 1,764 European ancestry controls","751 cases, 751 controls",2q14.3,2,127137039,BIN1,BIN1 - NIFKP9,ENSG00000136717,ENSG00000237630,,29751,32972,rs744373-?,rs744373,0,744373,regulatory_region_variant,1,NR,1e-10,10,,1.19,[NR],"Affymetrix, Illumina [NR] (imputed)",N,Alzheimer's disease,http://www.ebi.ac.uk/efo/EFO_0000249,GCST000986,Genome-wide genotyping array
GAB2,2008-06-16,17553421,Reiman EM,2007-06-07,Neuron,www.ncbi.nlm.nih.gov/pubmed/17553421,GAB2 alleles modify Alzheimer's risk in APOE epsilon4 carriers.,Alzheimer's disease (late onset),"446 cases, 290 controls","415 cases, 260 controls",11q14.1,11,78380104,GAB2,GAB2,,,ENSG00000033327,NA,NA,rs2373115-G,rs2373115,0,2373115,intron_variant,0,0.70,1e-10,10,,4.06,[2.81-14.69],Affymetrix [312316],N,Alzheimer's disease,http://www.ebi.ac.uk/efo/EFO_0000249,GCST000046,Genome-wide genotyping array
ABCA7,2013-08-24,23571587,Reitz C,2013-04-10,JAMA,www.ncbi.nlm.nih.gov/pubmed/23571587,"Variants in the ATP-binding cassette transporter (ABCA7), apolipoprotein E ϵ4,and the risk of late-onset Alzheimer disease in African Americans.",Alzheimer's disease (late onset),"1,968 African American cases, 3,928 African American controls",,19p13.3,19,1050421,"ABCA7, HMHA1, GRIN3B",ABCA7,,,ENSG00000064687,NA,NA,rs115550680-G,rs115550680,0,115550680,intron_variant,0,0.07,2e-9,8.698970004336019,,1.79,[1.47-2.12],Illumina [17332474] (imputed),N,Alzheimer's disease,http://www.ebi.ac.uk/efo/EFO_0000249,GCST001963,Genome-wide genotyping array
SORL1,2013-07-12,23565137,Miyashita A,2013-04-02,PLoS One,www.ncbi.nlm.nih.gov/pubmed/23565137,"SORL1 is genetically associated with late-onset Alzheimer's disease in Japanese, Koreans and Caucasians.",Alzheimer's disease (late onset),"891 Japanese ancestry cases, 844 Japanese ancestry controls","1,224 East Asian ancestry cases, 2,114 East Asian ancestry controls, 11,840 European ancestry cases, 10,931 European ancestry controls",11q24.1,11,121564878,SORL1,SORL1,,,ENSG00000137642,NA,NA,rs11218343-?,rs11218343,0,11218343,intron_variant,0,0.96,2e-9,8.698970004336019,,1.23,[1.15-1.33],Affymetrix [5877918] (imputed),N,Alzheimer's disease,http://www.ebi.ac.uk/efo/EFO_0000249,GCST001947,Genome-wide genotyping array
APOE,2013-07-12,23565137,Miyashita A,2013-04-02,PLoS One,www.ncbi.nlm.nih.gov/pubmed/23565137,"SORL1 is genetically associated with late-onset Alzheimer's disease in Japanese, Koreans and Caucasians.",Alzheimer's disease (late onset),"891 Japanese ancestry cases, 844 Japanese ancestry controls","1,224 East Asian ancestry cases, 2,114 East Asian ancestry controls, 11,840 European ancestry cases, 10,931 European ancestry controls",19q13.32,19,44873027,"APOE, CEACAM16, BCL3, PVRL2, TOMM40, PPP1R37",NECTIN2,,,ENSG00000130202,NA,NA,rs519113-G,rs519113,0,519113,intron_variant,0,0.29,5e-39,38.30102999566398,(Japanese),2.09,[1.87-2.34],Affymetrix [5877918] (imputed),N,Alzheimer's disease,http://www.ebi.ac.uk/efo/EFO_0000249,GCST001947,Genome-wide genotyping array
APOE,2019-03-18,30617256,Jansen IE,2019-01-07,Nat Genet,www.ncbi.nlm.nih.gov/pubmed/30617256,Genome-wide meta-analysis identifies new loci and functional pathways influencing Alzheimer's disease risk.,Alzheimer's disease (late onset),"24,087 European ancestry cases, 55,058 European ancestry controls",NA,19q13.32,19,44848259,APOE,NECTIN2,,,ENSG00000130202,NA,NA,rs41289512-G,rs41289512,0,41289512,intron_variant,0,NR,3e-194,193.52287874528034,,29.735075,NR z-score increase,Illumina [up to 9862738] (imputed),N,Alzheimer's disease,http://www.ebi.ac.uk/efo/EFO_0000249,GCST007319,"Genome-wide genotyping array, Exome-wide sequencing"
BIN1,2019-03-18,30617256,Jansen IE,2019-01-07,Nat Genet,www.ncbi.nlm.nih.gov/pubmed/30617256,Genome-wide meta-analysis identifies new loci and functional pathways influencing Alzheimer's disease risk.,Alzheimer's disease (late onset),"24,087 European ancestry cases, 55,058 European ancestry controls",NA,2q14.3,2,127133851,BIN1,BIN1 - NIFKP9,ENSG00000136717,ENSG00000237630,,26563,36160,rs4663105-C,rs4663105,0,4663105,intergenic_variant,1,NR,4e-29,28.397940008672037,,11.21158,NR z-score increase,Illumina [up to 9862738] (imputed),N,Alzheimer's disease,http://www.ebi.ac.uk/efo/EFO_0000249,GCST007319,"Genome-wide genotyping array, Exome-wide sequencing"
BZRAP1-AS1,2019-03-18,30617256,Jansen IE,2019-01-07,Nat Genet,www.ncbi.nlm.nih.gov/pubmed/30617256,Genome-wide meta-analysis identifies new loci and functional pathways influencing Alzheimer's disease risk.,Alzheimer's disease (late onset),"24,087 European ancestry cases, 55,058 European ancestry controls",NA,17q22,17,58331728,BZRAP1-AS1,TSPOAP1-AS1,,,ENSG00000265148,NA,NA,rs2632516-C,rs2632516,0,2632516,non_coding_transcript_exon_variant,0,NR,1e-9,9,,6.0526648,NR z-score decrease,Illumina [up to 9862738] (imputed),N,Alzheimer's disease,http://www.ebi.ac.uk/efo/EFO_0000249,GCST007319,"Genome-wide genotyping array, Exome-wide sequencing"
CD2AP,2019-03-18,30617256,Jansen IE,2019-01-07,Nat Genet,www.ncbi.nlm.nih.gov/pubmed/30617256,Genome-wide meta-analysis identifies new loci and functional pathways influencing Alzheimer's disease risk.,Alzheimer's disease (late onset),"24,087 European ancestry cases, 55,058 European ancestry controls",NA,6p12.3,6,47464901,CD2AP,B3GNTL1P2 - CD2AP-DT,ENSG00000271328,ENSG00000270761,,95671,12342,rs9381563-C,rs9381563,0,9381563,intergenic_variant,1,NR,5e-9,8.301029995663981,,5.835869,NR z-score increase,Illumina [up to 9862738] (imputed),N,Alzheimer's disease,http://www.ebi.ac.uk/efo/EFO_0000249,GCST007319,"Genome-wide genotyping array, Exome-wide sequencing"
CD33,2019-03-18,30617256,Jansen IE,2019-01-07,Nat Genet,www.ncbi.nlm.nih.gov/pubmed/30617256,Genome-wide meta-analysis identifies new loci and functional pathways influencing Alzheimer's disease risk.,Alzheimer's disease (late onset),"24,087 European ancestry cases, 55,058 European ancestry controls",NA,19q13.41,19,51224706,CD33,SIGLEC22P - CD33,ENSG00000268849,ENSG00000105383,,12618,358,rs3865444-A,rs3865444,0,3865444,regulatory_region_variant,1,NR,4e-8,7.3979400086720375,,5.4802556,NR z-score decrease,Illumina [up to 9862738] (imputed),N,Alzheimer's disease,http://www.ebi.ac.uk/efo/EFO_0000249,GCST007319,"Genome-wide genotyping array, Exome-wide sequencing"
CLU,2019-03-18,30617256,Jansen IE,2019-01-07,Nat Genet,www.ncbi.nlm.nih.gov/pubmed/30617256,Genome-wide meta-analysis identifies new loci and functional pathways influencing Alzheimer's disease risk.,Alzheimer's disease (late onset),"24,087 European ancestry cases, 55,058 European ancestry controls",NA,8p21.1,8,27607412,"CLU, PTK2B",CLU,,,ENSG00000120885,NA,NA,rs4236673-A,rs4236673,0,4236673,intron_variant,0,NR,6e-20,19.221848749616356,,9.13808,NR z-score decrease,Illumina [up to 9862738] (imputed),N,Alzheimer's disease,http://www.ebi.ac.uk/efo/EFO_0000249,GCST007319,"Genome-wide genotyping array, Exome-wide sequencing"
ECHDC3,2019-03-18,30617256,Jansen IE,2019-01-07,Nat Genet,www.ncbi.nlm.nih.gov/pubmed/30617256,Genome-wide meta-analysis identifies new loci and functional pathways influencing Alzheimer's disease risk.,Alzheimer's disease (late onset),"24,087 European ancestry cases, 55,058 European ancestry controls",NA,10p14,10,11679120,ECHDC3,USP6NL-AS1 - ECHDC3,ENSG00000271360,ENSG00000134463,,66893,63246,rs11257242-C,rs11257242,0,11257242,intergenic_variant,1,NR,2e-8,7.698970004336019,,5.5817,NR z-score decrease,Illumina [up to 9862738] (imputed),N,Alzheimer's disease,http://www.ebi.ac.uk/efo/EFO_0000249,GCST007319,"Genome-wide genotyping array, Exome-wide sequencing"
EPHA1,2019-03-18,30617256,Jansen IE,2019-01-07,Nat Genet,www.ncbi.nlm.nih.gov/pubmed/30617256,Genome-wide meta-analysis identifies new loci and functional pathways influencing Alzheimer's disease risk.,Alzheimer's disease (late onset),"24,087 European ancestry cases, 55,058 European ancestry controls",NA,7q35,7,143411748,EPHA1,"EPHA1-AS1, EPHA1-AS1",,,"ENSG00000229153, ENSG00000285468",NA,NA,rs11763230-T,rs11763230,0,11763230,intron_variant,0,NR,3e-11,10.522878745280337,,6.6686625,NR z-score decrease,Illumina [up to 9862738] (imputed),N,Alzheimer's disease,http://www.ebi.ac.uk/efo/EFO_0000249,GCST007319,"Genome-wide genotyping array, Exome-wide sequencing"
HLA-DRB1,2019-03-18,30617256,Jansen IE,2019-01-07,Nat Genet,www.ncbi.nlm.nih.gov/pubmed/30617256,Genome-wide meta-analysis identifies new loci and functional pathways influencing Alzheimer's disease risk.,Alzheimer's disease (late onset),"24,087 European ancestry cases, 55,058 European ancestry controls",NA,6p21.32,6,32582545,HLA-DRB1,"HLA-DRB1, HLA-DRB1, HLA-DRB1, HLA-DRB1, HLA-DRB1, HLA-DRB1",,,"ENSG00000228080, ENSG00000236884, ENSG00000206306, ENSG00000229074, ENSG00000196126, ENSG00000206240",NA,NA,rs9269853-A,rs9269853,0,9269853,intron_variant,0,NR,3e-8,7.522878745280337,,5.5623274,NR z-score increase,Illumina [up to 9862738] (imputed),N,Alzheimer's disease,http://www.ebi.ac.uk/efo/EFO_0000249,GCST007319,"Genome-wide genotyping array, Exome-wide sequencing"
HS3ST1,2019-03-18,30617256,Jansen IE,2019-01-07,Nat Genet,www.ncbi.nlm.nih.gov/pubmed/30617256,Genome-wide meta-analysis identifies new loci and functional pathways influencing Alzheimer's disease risk.,Alzheimer's disease (late onset),"24,087 European ancestry cases, 55,058 European ancestry controls",NA,4p15.33,4,11721611,HS3ST1,"NA - LINC02360",,ENSG00000248300,,NA,19337,rs7657553-A,rs7657553,0,7657553,intron_variant,1,NR,2e-8,7.698970004336019,,5.5982833,NR z-score increase,Illumina [up to 9862738] (imputed),N,Alzheimer's disease,http://www.ebi.ac.uk/efo/EFO_0000249,GCST007319,"Genome-wide genotyping array, Exome-wide sequencing"
MS4A6A,2019-03-18,30617256,Jansen IE,2019-01-07,Nat Genet,www.ncbi.nlm.nih.gov/pubmed/30617256,Genome-wide meta-analysis identifies new loci and functional pathways influencing Alzheimer's disease risk.,Alzheimer's disease (late onset),"24,087 European ancestry cases, 55,058 European ancestry controls",NA,11q12.2,11,60175342,MS4A6A,MS4A6A,,,ENSG00000110077,NA,NA,rs7935829-G,rs7935829,0,7935829,intron_variant,0,NR,8e-13,12.096910013008056,,7.1575665,NR z-score decrease,Illumina [up to 9862738] (imputed),N,Alzheimer's disease,http://www.ebi.ac.uk/efo/EFO_0000249,GCST007319,"Genome-wide genotyping array, Exome-wide sequencing"
SLC24A4,2019-03-18,30617256,Jansen IE,2019-01-07,Nat Genet,www.ncbi.nlm.nih.gov/pubmed/30617256,Genome-wide meta-analysis identifies new loci and functional pathways influencing Alzheimer's disease risk.,Alzheimer's disease (late onset),"24,087 European ancestry cases, 55,058 European ancestry controls",NA,14q32.12,14,92472511,SLC24A4,SLC24A4,,,ENSG00000140090,NA,NA,rs12590654-A,rs12590654,0,12590654,intron_variant,0,NR,2e-8,7.698970004336019,,5.614125,NR z-score decrease,Illumina [up to 9862738] (imputed),N,Alzheimer's disease,http://www.ebi.ac.uk/efo/EFO_0000249,GCST007319,"Genome-wide genotyping array, Exome-wide sequencing"
SUZ12P1,2019-03-18,30617256,Jansen IE,2019-01-07,Nat Genet,www.ncbi.nlm.nih.gov/pubmed/30617256,Genome-wide meta-analysis identifies new loci and functional pathways influencing Alzheimer's disease risk.,Alzheimer's disease (late onset),"24,087 European ancestry cases, 55,058 European ancestry controls",NA,18q12.1,18,31508995,SUZ12P1,DSG2,,,ENSG00000046604,NA,NA,rs8093731-T,rs8093731,0,8093731,intron_variant,0,NR,5e-8,7.301029995663981,,5.4649644,NR z-score decrease,Illumina [up to 9862738] (imputed),N,Alzheimer's disease,http://www.ebi.ac.uk/efo/EFO_0000249,GCST007319,"Genome-wide genotyping array, Exome-wide sequencing"
ZCWPW1,2019-03-18,30617256,Jansen IE,2019-01-07,Nat Genet,www.ncbi.nlm.nih.gov/pubmed/30617256,Genome-wide meta-analysis identifies new loci and functional pathways influencing Alzheimer's disease risk.,Alzheimer's disease (late onset),"24,087 European ancestry cases, 55,058 European ancestry controls",NA,7q22.1,7,100374211,ZCWPW1,PILRA,,,ENSG00000085514,NA,NA,rs1859788-A,rs1859788,0,1859788,missense_variant,0,NR,6e-9,8.221848749616356,,5.8154516,NR z-score decrease,Illumina [up to 9862738] (imputed),N,Alzheimer's disease,http://www.ebi.ac.uk/efo/EFO_0000249,GCST007319,"Genome-wide genotyping array, Exome-wide sequencing"
CR1,2019-03-18,30617256,Jansen IE,2019-01-07,Nat Genet,www.ncbi.nlm.nih.gov/pubmed/30617256,Genome-wide meta-analysis identifies new loci and functional pathways influencing Alzheimer's disease risk.,Alzheimer's disease (late onset),"24,087 European ancestry cases, 55,058 European ancestry controls",NA,1q32.2,1,207518704,CR1,CR1,,,ENSG00000203710,NA,NA,rs6656401-A,rs6656401,0,6656401,intron_variant,0,NR,1e-17,17,,8.54,NR z-score increase,Illumina [up to 9862738] (imputed),N,Alzheimer's disease,http://www.ebi.ac.uk/efo/EFO_0000249,GCST007319,"Genome-wide genotyping array, Exome-wide sequencing"
BIN1,2019-03-18,30617256,Jansen IE,2019-01-07,Nat Genet,www.ncbi.nlm.nih.gov/pubmed/30617256,Genome-wide meta-analysis identifies new loci and functional pathways influencing Alzheimer's disease risk.,Alzheimer's disease (late onset),"24,087 European ancestry cases, 55,058 European ancestry controls",NA,2q14.3,2,127135234,BIN1,BIN1 - NIFKP9,ENSG00000136717,ENSG00000237630,,27946,34777,rs6733839-T,rs6733839,0,6733839,regulatory_region_variant,1,NR,1e-29,29,,11.3,NR z-score increase,Illumina [up to 9862738] (imputed),N,Alzheimer's disease,http://www.ebi.ac.uk/efo/EFO_0000249,GCST007319,"Genome-wide genotyping array, Exome-wide sequencing"
EPHA1,2019-03-18,30617256,Jansen IE,2019-01-07,Nat Genet,www.ncbi.nlm.nih.gov/pubmed/30617256,Genome-wide meta-analysis identifies new loci and functional pathways influencing Alzheimer's disease risk.,Alzheimer's disease (late onset),"24,087 European ancestry cases, 55,058 European ancestry controls",NA,7q35,7,143413669,EPHA1,"EPHA1-AS1, EPHA1-AS1",,,"ENSG00000229153, ENSG00000285468",NA,NA,rs11771145-A,rs11771145,0,11771145,intron_variant,0,NR,4e-8,7.3979400086720375,,5.49,NR z-score decrease,Illumina [up to 9862738] (imputed),N,Alzheimer's disease,http://www.ebi.ac.uk/efo/EFO_0000249,GCST007319,"Genome-wide genotyping array, Exome-wide sequencing"
CLU,2019-03-18,30617256,Jansen IE,2019-01-07,Nat Genet,www.ncbi.nlm.nih.gov/pubmed/30617256,Genome-wide meta-analysis identifies new loci and functional pathways influencing Alzheimer's disease risk.,Alzheimer's disease (late onset),"24,087 European ancestry cases, 55,058 European ancestry controls",NA,8p21.1,8,27610169,CLU,CLU,,,ENSG00000120885,NA,NA,rs9331896-C,rs9331896,0,9331896,intron_variant,0,NR,1e-18,18,,8.82,NR z-score decrease,Illumina [up to 9862738] (imputed),N,Alzheimer's disease,http://www.ebi.ac.uk/efo/EFO_0000249,GCST007319,"Genome-wide genotyping array, Exome-wide sequencing"
MS4A6A,2019-03-18,30617256,Jansen IE,2019-01-07,Nat Genet,www.ncbi.nlm.nih.gov/pubmed/30617256,Genome-wide meta-analysis identifies new loci and functional pathways influencing Alzheimer's disease risk.,Alzheimer's disease (late onset),"24,087 European ancestry cases, 55,058 European ancestry controls",NA,11q12.2,11,60156035,MS4A6A,MS4A2 - LINC02705,ENSG00000149534,ENSG00000254952,,57568,3652,rs983392-G,rs983392,0,983392,intergenic_variant,1,NR,5e-11,10.301029995663981,,6.56,NR z-score decrease,Illumina [up to 9862738] (imputed),N,Alzheimer's disease,http://www.ebi.ac.uk/efo/EFO_0000249,GCST007319,"Genome-wide genotyping array, Exome-wide sequencing"
PICALM,2019-03-18,30617256,Jansen IE,2019-01-07,Nat Genet,www.ncbi.nlm.nih.gov/pubmed/30617256,Genome-wide meta-analysis identifies new loci and functional pathways influencing Alzheimer's disease risk.,Alzheimer's disease (late onset),"24,087 European ancestry cases, 55,058 European ancestry controls",NA,11q14.2,11,86156833,PICALM,RNU6-560P - LINC02695,ENSG00000200877,ENSG00000254699,,3499,35954,rs10792832-A,rs10792832,0,10792832,regulatory_region_variant,1,NR,1e-17,17,,8.56,NR z-score decrease,Illumina [up to 9862738] (imputed),N,Alzheimer's disease,http://www.ebi.ac.uk/efo/EFO_0000249,GCST007319,"Genome-wide genotyping array, Exome-wide sequencing"
SORL1,2019-03-18,30617256,Jansen IE,2019-01-07,Nat Genet,www.ncbi.nlm.nih.gov/pubmed/30617256,Genome-wide meta-analysis identifies new loci and functional pathways influencing Alzheimer's disease risk.,Alzheimer's disease (late onset),"24,087 European ancestry cases, 55,058 European ancestry controls",NA,11q24.1,11,121564878,SORL1,SORL1,,,ENSG00000137642,NA,NA,rs11218343-C,rs11218343,0,11218343,intron_variant,0,NR,6e-11,10.221848749616356,,6.55,NR z-score decrease,Illumina [up to 9862738] (imputed),N,Alzheimer's disease,http://www.ebi.ac.uk/efo/EFO_0000249,GCST007319,"Genome-wide genotyping array, Exome-wide sequencing"
ABCA7,2019-03-18,30617256,Jansen IE,2019-01-07,Nat Genet,www.ncbi.nlm.nih.gov/pubmed/30617256,Genome-wide meta-analysis identifies new loci and functional pathways influencing Alzheimer's disease risk.,Alzheimer's disease (late onset),"24,087 European ancestry cases, 55,058 European ancestry controls",NA,19p13.3,19,1063444,ABCA7,ABCA7,,,ENSG00000064687,NA,NA,rs4147929-A,rs4147929,0,4147929,intron_variant,0,NR,9e-9,8.045757490560675,,5.76,NR z-score increase,Illumina [up to 9862738] (imputed),N,Alzheimer's disease,http://www.ebi.ac.uk/efo/EFO_0000249,GCST007319,"Genome-wide genotyping array, Exome-wide sequencing"
BIN1,2011-05-24,21460841,Naj AC,2011-04-03,Nat Genet,www.ncbi.nlm.nih.gov/pubmed/21460841,"Common variants at MS4A4/MS4A6E, CD2AP, CD33 and EPHA1 are associated with late-onset Alzheimer's disease.",Alzheimer's disease (late onset),"8,309 European ancestry cases, 7,366 European ancestry controls","10,523 European ancestry cases, 28,231 European ancestry controls",2q14.3,2,127132061,BIN1,BIN1 - NIFKP9,ENSG00000136717,ENSG00000237630,,24773,37950,rs7561528-A,rs7561528,0,7561528,intergenic_variant,1,0.35,4e-14,13.397940008672037,,1.17,[1.13-1.22],"Affymetrix, Illumina [2324889] (imputed)",N,Alzheimer's disease,http://www.ebi.ac.uk/efo/EFO_0000249,GCST001026,Genome-wide genotyping array
MS4A4A,2011-05-24,21460841,Naj AC,2011-04-03,Nat Genet,www.ncbi.nlm.nih.gov/pubmed/21460841,"Common variants at MS4A4/MS4A6E, CD2AP, CD33 and EPHA1 are associated with late-onset Alzheimer's disease.",Alzheimer's disease (late onset),"8,309 European ancestry cases, 7,366 European ancestry controls","10,523 European ancestry cases, 28,231 European ancestry controls",11q12.2,11,60266956,MS4A4A,MS4A4A,,,ENSG00000110079,NA,NA,rs4938933-?,rs4938933,0,4938933,intron_variant,0,0.61,8e-12,11.096910013008056,,1.12,[1.09-1.15],"Affymetrix, Illumina [2324889] (imputed)",N,Alzheimer's disease,http://www.ebi.ac.uk/efo/EFO_0000249,GCST001026,Genome-wide genotyping array
CR1,2011-05-24,21460841,Naj AC,2011-04-03,Nat Genet,www.ncbi.nlm.nih.gov/pubmed/21460841,"Common variants at MS4A4/MS4A6E, CD2AP, CD33 and EPHA1 are associated with late-onset Alzheimer's disease.",Alzheimer's disease (late onset),"8,309 European ancestry cases, 7,366 European ancestry controls","10,523 European ancestry cases, 28,231 European ancestry controls",1q32.2,1,207612944,CR1,CR1,,,ENSG00000203710,NA,NA,rs6701713-A,rs6701713,0,6701713,intron_variant,0,0.20,5e-10,9.301029995663981,,1.16,[1.11-1.22],"Affymetrix, Illumina [2324889] (imputed)",N,Alzheimer's disease,http://www.ebi.ac.uk/efo/EFO_0000249,GCST001026,Genome-wide genotyping array
PICALM,2011-05-24,21460841,Naj AC,2011-04-03,Nat Genet,www.ncbi.nlm.nih.gov/pubmed/21460841,"Common variants at MS4A4/MS4A6E, CD2AP, CD33 and EPHA1 are associated with late-onset Alzheimer's disease.",Alzheimer's disease (late onset),"8,309 European ancestry cases, 7,366 European ancestry controls","10,523 European ancestry cases, 28,231 European ancestry controls",11q14.2,11,86089237,PICALM,PICALM - RNU6-560P,ENSG00000073921,ENSG00000200877,,19355,63990,rs561655-?,rs561655,0,561655,intergenic_variant,1,0.66,7e-11,10.154901959985743,,1.15,[1.10-1.19],"Affymetrix, Illumina [2324889] (imputed)",N,Alzheimer's disease,http://www.ebi.ac.uk/efo/EFO_0000249,GCST001026,Genome-wide genotyping array
CD2AP,2011-05-24,21460841,Naj AC,2011-04-03,Nat Genet,www.ncbi.nlm.nih.gov/pubmed/21460841,"Common variants at MS4A4/MS4A6E, CD2AP, CD33 and EPHA1 are associated with late-onset Alzheimer's disease.",Alzheimer's disease (late onset),"8,309 European ancestry cases, 7,366 European ancestry controls","10,523 European ancestry cases, 28,231 European ancestry controls",6p12.3,6,47485642,CD2AP,CD2AP,,,ENSG00000198087,NA,NA,rs9349407-C,rs9349407,0,9349407,intron_variant,0,0.27,9e-9,8.045757490560675,,1.11,[1.07-1.15],"Affymetrix, Illumina [2324889] (imputed)",N,Alzheimer's disease,http://www.ebi.ac.uk/efo/EFO_0000249,GCST001026,Genome-wide genotyping array
CD33,2011-05-24,21460841,Naj AC,2011-04-03,Nat Genet,www.ncbi.nlm.nih.gov/pubmed/21460841,"Common variants at MS4A4/MS4A6E, CD2AP, CD33 and EPHA1 are associated with late-onset Alzheimer's disease.",Alzheimer's disease (late onset),"8,309 European ancestry cases, 7,366 European ancestry controls","10,523 European ancestry cases, 28,231 European ancestry controls",19q13.41,19,51224706,CD33,SIGLEC22P - CD33,ENSG00000268849,ENSG00000105383,,12618,358,rs3865444-?,rs3865444,0,3865444,regulatory_region_variant,1,0.70,2e-9,8.698970004336019,,1.1,[1.08-1.14],"Affymetrix, Illumina [2324889] (imputed)",N,Alzheimer's disease,http://www.ebi.ac.uk/efo/EFO_0000249,GCST001026,Genome-wide genotyping array
EPHA1,2011-05-24,21460841,Naj AC,2011-04-03,Nat Genet,www.ncbi.nlm.nih.gov/pubmed/21460841,"Common variants at MS4A4/MS4A6E, CD2AP, CD33 and EPHA1 are associated with late-onset Alzheimer's disease.",Alzheimer's disease (late onset),"8,309 European ancestry cases, 7,366 European ancestry controls","10,523 European ancestry cases, 28,231 European ancestry controls",7q35,7,143412046,EPHA1,"EPHA1-AS1, EPHA1-AS1",,,"ENSG00000229153, ENSG00000285468",NA,NA,rs11767557-?,rs11767557,0,11767557,intron_variant,0,0.81,6e-10,9.221848749616356,,1.11,[1.08-1.16],"Affymetrix, Illumina [2324889] (imputed)",N,Alzheimer's disease,http://www.ebi.ac.uk/efo/EFO_0000249,GCST001026,Genome-wide genotyping array
NME8,2014-04-16,24162737,Lambert JC,2013-10-27,Nat Genet,www.ncbi.nlm.nih.gov/pubmed/24162737,"Meta-analysis of 74,046 individuals identifies 11 new susceptibility loci for Alzheimer's disease.",Alzheimer's disease (late onset),"17,008 European ancestry cases, 37,154 European ancestry controls","8,572 European ancestry cases, 11,312 European ancestry controls",7p14.1,7,37801932,NME8,"GPR141, EPDR1",,,"ENSG00000187037, ENSG00000086289",NA,NA,rs2718058-A,rs2718058,0,2718058,intron_variant,0,0.627,5e-9,8.301029995663981,,1.0753,[1.05-1.11],Illumina [7055881] (imputed),N,Alzheimer's disease,http://www.ebi.ac.uk/efo/EFO_0000249,GCST002245,Genome-wide genotyping array
CASS4,2014-04-16,24162737,Lambert JC,2013-10-27,Nat Genet,www.ncbi.nlm.nih.gov/pubmed/24162737,"Meta-analysis of 74,046 individuals identifies 11 new susceptibility loci for Alzheimer's disease.",Alzheimer's disease (late onset),"17,008 European ancestry cases, 37,154 European ancestry controls","8,572 European ancestry cases, 11,312 European ancestry controls",20q13.31,20,56443204,CASS4,CASS4,,,ENSG00000087589,NA,NA,rs7274581-T,rs7274581,0,7274581,intron_variant,0,0.917,3e-8,7.522878745280337,,1.1364,[1.09-1.19],Illumina [7055881] (imputed),N,Alzheimer's disease,http://www.ebi.ac.uk/efo/EFO_0000249,GCST002245,Genome-wide genotyping array
SORL1,2014-04-16,24162737,Lambert JC,2013-10-27,Nat Genet,www.ncbi.nlm.nih.gov/pubmed/24162737,"Meta-analysis of 74,046 individuals identifies 11 new susceptibility loci for Alzheimer's disease.",Alzheimer's disease (late onset),"17,008 European ancestry cases, 37,154 European ancestry controls","8,572 European ancestry cases, 11,312 European ancestry controls",11q24.1,11,121564878,SORL1,SORL1,,,ENSG00000137642,NA,NA,rs11218343-T,rs11218343,0,11218343,intron_variant,0,0.961,1e-14,14,,1.2987,[1.22-1.39],Illumina [7055881] (imputed),N,Alzheimer's disease,http://www.ebi.ac.uk/efo/EFO_0000249,GCST002245,Genome-wide genotyping array
CR1,2014-04-16,24162737,Lambert JC,2013-10-27,Nat Genet,www.ncbi.nlm.nih.gov/pubmed/24162737,"Meta-analysis of 74,046 individuals identifies 11 new susceptibility loci for Alzheimer's disease.",Alzheimer's disease (late onset),"17,008 European ancestry cases, 37,154 European ancestry controls","8,572 European ancestry cases, 11,312 European ancestry controls",1q32.2,1,207518704,CR1,CR1,,,ENSG00000203710,NA,NA,rs6656401-A,rs6656401,0,6656401,intron_variant,0,0.197,6e-24,23.221848749616356,,1.18,[1.14-1.22],Illumina [7055881] (imputed),N,Alzheimer's disease,http://www.ebi.ac.uk/efo/EFO_0000249,GCST002245,Genome-wide genotyping array
BIN1,2014-04-16,24162737,Lambert JC,2013-10-27,Nat Genet,www.ncbi.nlm.nih.gov/pubmed/24162737,"Meta-analysis of 74,046 individuals identifies 11 new susceptibility loci for Alzheimer's disease.",Alzheimer's disease (late onset),"17,008 European ancestry cases, 37,154 European ancestry controls","8,572 European ancestry cases, 11,312 European ancestry controls",2q14.3,2,127135234,BIN1,BIN1 - NIFKP9,ENSG00000136717,ENSG00000237630,,27946,34777,rs6733839-T,rs6733839,0,6733839,regulatory_region_variant,1,0.409,7e-44,43.15490195998574,,1.22,[1.18-1.25],Illumina [7055881] (imputed),N,Alzheimer's disease,http://www.ebi.ac.uk/efo/EFO_0000249,GCST002245,Genome-wide genotyping array
CD2AP,2014-04-16,24162737,Lambert JC,2013-10-27,Nat Genet,www.ncbi.nlm.nih.gov/pubmed/24162737,"Meta-analysis of 74,046 individuals identifies 11 new susceptibility loci for Alzheimer's disease.",Alzheimer's disease (late onset),"17,008 European ancestry cases, 37,154 European ancestry controls","8,572 European ancestry cases, 11,312 European ancestry controls",6p12.3,6,47520026,CD2AP,CD2AP,,,ENSG00000198087,NA,NA,rs10948363-G,rs10948363,0,10948363,intron_variant,0,0.266,5e-11,10.301029995663981,,1.1,[1.07-1.13],Illumina [7055881] (imputed),N,Alzheimer's disease,http://www.ebi.ac.uk/efo/EFO_0000249,GCST002245,Genome-wide genotyping array
EPHA1,2014-04-16,24162737,Lambert JC,2013-10-27,Nat Genet,www.ncbi.nlm.nih.gov/pubmed/24162737,"Meta-analysis of 74,046 individuals identifies 11 new susceptibility loci for Alzheimer's disease.",Alzheimer's disease (late onset),"17,008 European ancestry cases, 37,154 European ancestry controls","8,572 European ancestry cases, 11,312 European ancestry controls",7q35,7,143413669,EPHA1,"EPHA1-AS1, EPHA1-AS1",,,"ENSG00000229153, ENSG00000285468",NA,NA,rs11771145-G,rs11771145,0,11771145,intron_variant,0,0.662,1e-13,13,,1.1111,[1.08-1.14],Illumina [7055881] (imputed),N,Alzheimer's disease,http://www.ebi.ac.uk/efo/EFO_0000249,GCST002245,Genome-wide genotyping array
CLU,2014-04-16,24162737,Lambert JC,2013-10-27,Nat Genet,www.ncbi.nlm.nih.gov/pubmed/24162737,"Meta-analysis of 74,046 individuals identifies 11 new susceptibility loci for Alzheimer's disease.",Alzheimer's disease (late onset),"17,008 European ancestry cases, 37,154 European ancestry controls","8,572 European ancestry cases, 11,312 European ancestry controls",8p21.1,8,27610169,CLU,CLU,,,ENSG00000120885,NA,NA,rs9331896-T,rs9331896,0,9331896,intron_variant,0,0.621,3e-25,24.522878745280337,,1.1628,[1.12-1.19],Illumina [7055881] (imputed),N,Alzheimer's disease,http://www.ebi.ac.uk/efo/EFO_0000249,GCST002245,Genome-wide genotyping array
MS4A6A,2014-04-16,24162737,Lambert JC,2013-10-27,Nat Genet,www.ncbi.nlm.nih.gov/pubmed/24162737,"Meta-analysis of 74,046 individuals identifies 11 new susceptibility loci for Alzheimer's disease.",Alzheimer's disease (late onset),"17,008 European ancestry cases, 37,154 European ancestry controls","8,572 European ancestry cases, 11,312 European ancestry controls",11q12.2,11,60156035,MS4A6A,MS4A2 - LINC02705,ENSG00000149534,ENSG00000254952,,57568,3652,rs983392-A,rs983392,0,983392,intergenic_variant,1,0.597,6e-16,15.221848749616356,,1.1111,[1.09-1.15],Illumina [7055881] (imputed),N,Alzheimer's disease,http://www.ebi.ac.uk/efo/EFO_0000249,GCST002245,Genome-wide genotyping array
PICALM,2014-04-16,24162737,Lambert JC,2013-10-27,Nat Genet,www.ncbi.nlm.nih.gov/pubmed/24162737,"Meta-analysis of 74,046 individuals identifies 11 new susceptibility loci for Alzheimer's disease.",Alzheimer's disease (late onset),"17,008 European ancestry cases, 37,154 European ancestry controls","8,572 European ancestry cases, 11,312 European ancestry controls",11q14.2,11,86156833,PICALM,RNU6-560P - LINC02695,ENSG00000200877,ENSG00000254699,,3499,35954,rs10792832-G,rs10792832,0,10792832,regulatory_region_variant,1,0.642,9e-26,25.045757490560675,,1.1494,[1.12-1.18],Illumina [7055881] (imputed),N,Alzheimer's disease,http://www.ebi.ac.uk/efo/EFO_0000249,GCST002245,Genome-wide genotyping array
ABCA7,2014-04-16,24162737,Lambert JC,2013-10-27,Nat Genet,www.ncbi.nlm.nih.gov/pubmed/24162737,"Meta-analysis of 74,046 individuals identifies 11 new susceptibility loci for Alzheimer's disease.",Alzheimer's disease (late onset),"17,008 European ancestry cases, 37,154 European ancestry controls","8,572 European ancestry cases, 11,312 European ancestry controls",19p13.3,19,1063444,ABCA7,ABCA7,,,ENSG00000064687,NA,NA,rs4147929-A,rs4147929,0,4147929,intron_variant,0,0.19,1e-15,15,,1.15,[1.11-1.19],Illumina [7055881] (imputed),N,Alzheimer's disease,http://www.ebi.ac.uk/efo/EFO_0000249,GCST002245,Genome-wide genotyping array
INPP5D,2014-04-16,24162737,Lambert JC,2013-10-27,Nat Genet,www.ncbi.nlm.nih.gov/pubmed/24162737,"Meta-analysis of 74,046 individuals identifies 11 new susceptibility loci for Alzheimer's disease.",Alzheimer's disease (late onset),"17,008 European ancestry cases, 37,154 European ancestry controls","8,572 European ancestry cases, 11,312 European ancestry controls",2q37.1,2,233159830,INPP5D,INPP5D,,,ENSG00000168918,NA,NA,rs35349669-T,rs35349669,0,35349669,intron_variant,0,0.488,3e-8,7.522878745280337,,1.08,[1.05-1.11],Illumina [7055881] (imputed),N,Alzheimer's disease,http://www.ebi.ac.uk/efo/EFO_0000249,GCST002245,Genome-wide genotyping array
MEF2C,2014-04-16,24162737,Lambert JC,2013-10-27,Nat Genet,www.ncbi.nlm.nih.gov/pubmed/24162737,"Meta-analysis of 74,046 individuals identifies 11 new susceptibility loci for Alzheimer's disease.",Alzheimer's disease (late onset),"17,008 European ancestry cases, 37,154 European ancestry controls","8,572 European ancestry cases, 11,312 European ancestry controls",5q14.3,5,88927603,MEF2C,MEF2C-AS1,,,ENSG00000248309,NA,NA,rs190982-A,rs190982,0,190982,intron_variant,0,0.592,3e-8,7.522878745280337,,1.0753,[1.05-1.11],Illumina [7055881] (imputed),N,Alzheimer's disease,http://www.ebi.ac.uk/efo/EFO_0000249,GCST002245,Genome-wide genotyping array
ZCWPW1,2014-04-16,24162737,Lambert JC,2013-10-27,Nat Genet,www.ncbi.nlm.nih.gov/pubmed/24162737,"Meta-analysis of 74,046 individuals identifies 11 new susceptibility loci for Alzheimer's disease.",Alzheimer's disease (late onset),"17,008 European ancestry cases, 37,154 European ancestry controls","8,572 European ancestry cases, 11,312 European ancestry controls",7q22.1,7,100406823,ZCWPW1,ZCWPW1,,,ENSG00000078487,NA,NA,rs1476679-T,rs1476679,0,1476679,intron_variant,0,0.713,6e-10,9.221848749616356,,1.0989,[1.06-1.12],Illumina [7055881] (imputed),N,Alzheimer's disease,http://www.ebi.ac.uk/efo/EFO_0000249,GCST002245,Genome-wide genotyping array
CELF1,2014-04-16,24162737,Lambert JC,2013-10-27,Nat Genet,www.ncbi.nlm.nih.gov/pubmed/24162737,"Meta-analysis of 74,046 individuals identifies 11 new susceptibility loci for Alzheimer's disease.",Alzheimer's disease (late onset),"17,008 European ancestry cases, 37,154 European ancestry controls","8,572 European ancestry cases, 11,312 European ancestry controls",11p11.2,11,47536319,CELF1,CELF1,,,ENSG00000149187,NA,NA,rs10838725-C,rs10838725,0,10838725,intron_variant,0,0.316,1e-8,8,,1.08,[1.05-1.11],Illumina [7055881] (imputed),N,Alzheimer's disease,http://www.ebi.ac.uk/efo/EFO_0000249,GCST002245,Genome-wide genotyping array
FERMT2,2014-04-16,24162737,Lambert JC,2013-10-27,Nat Genet,www.ncbi.nlm.nih.gov/pubmed/24162737,"Meta-analysis of 74,046 individuals identifies 11 new susceptibility loci for Alzheimer's disease.",Alzheimer's disease (late onset),"17,008 European ancestry cases, 37,154 European ancestry controls","8,572 European ancestry cases, 11,312 European ancestry controls",14q22.1,14,52933911,FERMT2,FERMT2,,,ENSG00000073712,NA,NA,rs17125944-C,rs17125944,0,17125944,intron_variant,0,0.092,8e-9,8.096910013008056,,1.14,[1.09-1.19],Illumina [7055881] (imputed),N,Alzheimer's disease,http://www.ebi.ac.uk/efo/EFO_0000249,GCST002245,Genome-wide genotyping array
HLA-DRB5,2014-04-16,24162737,Lambert JC,2013-10-27,Nat Genet,www.ncbi.nlm.nih.gov/pubmed/24162737,"Meta-analysis of 74,046 individuals identifies 11 new susceptibility loci for Alzheimer's disease.",Alzheimer's disease (late onset),"17,008 European ancestry cases, 37,154 European ancestry controls","8,572 European ancestry cases, 11,312 European ancestry controls",6p21.32,6,32610753,"HLA-DRB5, HLA-DRB1",HLA-DRB1 - HLA-DQA1,ENSG00000206240,ENSG00000196735,,20905,17426,rs9271192-C,rs9271192,0,9271192,intergenic_variant,1,0.276,3e-12,11.522878745280337,,1.11,[1.08-1.18],Illumina [7055881] (imputed),N,Alzheimer's disease,http://www.ebi.ac.uk/efo/EFO_0000249,GCST002245,Genome-wide genotyping array
PTK2B,2014-04-16,24162737,Lambert JC,2013-10-27,Nat Genet,www.ncbi.nlm.nih.gov/pubmed/24162737,"Meta-analysis of 74,046 individuals identifies 11 new susceptibility loci for Alzheimer's disease.",Alzheimer's disease (late onset),"17,008 European ancestry cases, 37,154 European ancestry controls","8,572 European ancestry cases, 11,312 European ancestry controls",8p21.2,8,27337604,PTK2B,PTK2B,,,ENSG00000120899,NA,NA,rs28834970-C,rs28834970,0,28834970,intron_variant,0,0.366,7e-14,13.154901959985743,,1.1,[1.08-1.13],Illumina [7055881] (imputed),N,Alzheimer's disease,http://www.ebi.ac.uk/efo/EFO_0000249,GCST002245,Genome-wide genotyping array
SLC24A4,2014-04-16,24162737,Lambert JC,2013-10-27,Nat Genet,www.ncbi.nlm.nih.gov/pubmed/24162737,"Meta-analysis of 74,046 individuals identifies 11 new susceptibility loci for Alzheimer's disease.",Alzheimer's disease (late onset),"17,008 European ancestry cases, 37,154 European ancestry controls","8,572 European ancestry cases, 11,312 European ancestry controls",14q32.12,14,92460608,"SLC24A4, RIN3",SLC24A4,,,ENSG00000140090,NA,NA,rs10498633-G,rs10498633,0,10498633,intron_variant,0,0.783,6e-9,8.221848749616356,,1.0989,[1.06-1.14],Illumina [7055881] (imputed),N,Alzheimer's disease,http://www.ebi.ac.uk/efo/EFO_0000249,GCST002245,Genome-wide genotyping array
IQCK,2019-04-04,30820047,Kunkle BW,2019-02-28,Nat Genet,www.ncbi.nlm.nih.gov/pubmed/30820047,"Genetic meta-analysis of diagnosed Alzheimer's disease identifies new risk loci and implicates Aβ, tau, immunity and lipid processing.",Alzheimer's disease (late onset),"21,982 European ancestry cases, 41,944 European ancestry controls","up to 13,292 European ancestry cases, up to 17,219 European ancestry controls",16p12.3,16,19796841,IQCK,IQCK,,,ENSG00000174628,NA,NA,rs7185636-T,rs7185636,0,7185636,intron_variant,0,0.8200000000000001,2e-8,7.698970004336019,,1.0869565,[1.05-1.12],"Affymetrix, Illumina [11480632] (imputed)",N,late-onset Alzheimers disease,http://www.ebi.ac.uk/efo/EFO_1001870,GCST007511,Genome-wide genotyping array
ADAM10,2019-04-04,30820047,Kunkle BW,2019-02-28,Nat Genet,www.ncbi.nlm.nih.gov/pubmed/30820047,"Genetic meta-analysis of diagnosed Alzheimer's disease identifies new risk loci and implicates Aβ, tau, immunity and lipid processing.",Alzheimer's disease (late onset),"21,982 European ancestry cases, 41,944 European ancestry controls","up to 13,292 European ancestry cases, up to 17,219 European ancestry controls",15q21.3,15,58753575,ADAM10,ADAM10 - SNORD3P1,ENSG00000137845,ENSG00000200318,,3784,6891,rs593742-A,rs593742,0,593742,intron_variant,1,0.7050000000000001,7e-9,8.154901959985743,,1.0752687,[1.05-1.1],"Affymetrix, Illumina [11480632] (imputed)",N,late-onset Alzheimers disease,http://www.ebi.ac.uk/efo/EFO_1001870,GCST007511,Genome-wide genotyping array
ADAMTS1,2019-04-04,30820047,Kunkle BW,2019-02-28,Nat Genet,www.ncbi.nlm.nih.gov/pubmed/30820047,"Genetic meta-analysis of diagnosed Alzheimer's disease identifies new risk loci and implicates Aβ, tau, immunity and lipid processing.",Alzheimer's disease (late onset),"21,982 European ancestry cases, 41,944 European ancestry controls","up to 13,292 European ancestry cases, up to 17,219 European ancestry controls",21q21.3,21,26784537,ADAMTS1,"NA - ADAMTS1",,ENSG00000154734,,NA,51218,rs2830500-C,rs2830500,0,2830500,regulatory_region_variant,1,0.692,3e-8,7.522878745280337,,1.0752687,[1.04-1.1],"Affymetrix, Illumina [11480632] (imputed)",N,late-onset Alzheimers disease,http://www.ebi.ac.uk/efo/EFO_1001870,GCST007511,Genome-wide genotyping array
MIR142,2019-04-04,30820047,Kunkle BW,2019-02-28,Nat Genet,www.ncbi.nlm.nih.gov/pubmed/30820047,"Genetic meta-analysis of diagnosed Alzheimer's disease identifies new risk loci and implicates Aβ, tau, immunity and lipid processing.",Alzheimer's disease (late onset),"21,982 European ancestry cases, 41,944 European ancestry controls","up to 13,292 European ancestry cases, up to 17,219 European ancestry controls",17q22,17,58331728,"MIR142, TSPOAP1-AS1",TSPOAP1-AS1,,,ENSG00000265148,NA,NA,rs2632516-G,rs2632516,0,2632516,non_coding_transcript_exon_variant,0,0.56,5e-8,7.301029995663981,,1.0638298,[1.04-1.1],"Affymetrix, Illumina [11480632] (imputed)",N,late-onset Alzheimers disease,http://www.ebi.ac.uk/efo/EFO_1001870,GCST007511,Genome-wide genotyping array
ECHDC3,2019-04-04,30820047,Kunkle BW,2019-02-28,Nat Genet,www.ncbi.nlm.nih.gov/pubmed/30820047,"Genetic meta-analysis of diagnosed Alzheimer's disease identifies new risk loci and implicates Aβ, tau, immunity and lipid processing.",Alzheimer's disease (late onset),"21,982 European ancestry cases, 41,944 European ancestry controls","up to 13,292 European ancestry cases, up to 17,219 European ancestry controls",10p14,10,11678309,ECHDC3,USP6NL-AS1 - ECHDC3,ENSG00000271360,ENSG00000134463,,66082,64057,rs7920721-G,rs7920721,0,7920721,TF_binding_site_variant,1,0.39,2e-11,10.698970004336019,,1.08,[1.06-1.11],"Affymetrix, Illumina [11480632] (imputed)",N,late-onset Alzheimers disease,http://www.ebi.ac.uk/efo/EFO_1001870,GCST007511,Genome-wide genotyping array
ACE,2019-04-04,30820047,Kunkle BW,2019-02-28,Nat Genet,www.ncbi.nlm.nih.gov/pubmed/30820047,"Genetic meta-analysis of diagnosed Alzheimer's disease identifies new risk loci and implicates Aβ, tau, immunity and lipid processing.",Alzheimer's disease (late onset),"21,982 European ancestry cases, 41,944 European ancestry controls","up to 13,292 European ancestry cases, up to 17,219 European ancestry controls",17q23.3,17,63460787,ACE,CYB561 - PPIAP55,ENSG00000008283,ENSG00000228979,,14433,10817,rs138190086-A,rs138190086,0,138190086,TF_binding_site_variant,1,0.02,5e-9,8.301029995663981,,1.3,[1.19-1.42],"Affymetrix, Illumina [11480632] (imputed)",N,late-onset Alzheimers disease,http://www.ebi.ac.uk/efo/EFO_1001870,GCST007511,Genome-wide genotyping array
OARD1,2019-04-04,30820047,Kunkle BW,2019-02-28,Nat Genet,www.ncbi.nlm.nih.gov/pubmed/30820047,"Genetic meta-analysis of diagnosed Alzheimer's disease identifies new risk loci and implicates Aβ, tau, immunity and lipid processing.",Alzheimer's disease (late onset),"21,982 European ancestry cases, 41,944 European ancestry controls","up to 13,292 European ancestry cases, up to 17,219 European ancestry controls",6p21.1,6,41066261,OARD1,OARD1,,,ENSG00000124596,NA,NA,rs114812713-C,rs114812713,0,114812713,3_prime_UTR_variant,0,0.03,2e-13,12.698970004336019,,1.32,[1.22-1.42],"Affymetrix, Illumina [11480632] (imputed)",N,late-onset Alzheimers disease,http://www.ebi.ac.uk/efo/EFO_1001870,GCST007511,Genome-wide genotyping array
WWOX,2019-04-04,30820047,Kunkle BW,2019-02-28,Nat Genet,www.ncbi.nlm.nih.gov/pubmed/30820047,"Genetic meta-analysis of diagnosed Alzheimer's disease identifies new risk loci and implicates Aβ, tau, immunity and lipid processing.",Alzheimer's disease (late onset),"21,982 European ancestry cases, 41,944 European ancestry controls","up to 13,292 European ancestry cases, up to 17,219 European ancestry controls",16q23.2,16,79321960,"WWOX, MAF",RNA5SP431 - NA,ENSG00000222244,,,57387,NA,rs62039712-A,rs62039712,0,62039712,intergenic_variant,1,0.116,4e-8,7.3979400086720375,,1.16,[1.10-1.23],"Affymetrix, Illumina [11480632] (imputed)",N,late-onset Alzheimers disease,http://www.ebi.ac.uk/efo/EFO_1001870,GCST007511,Genome-wide genotyping array
BIN1,2018-04-30,28714976,Sims R,2017-09-01,Nat Genet,www.ncbi.nlm.nih.gov/pubmed/28714976,"Rare coding variants in PLCG2, ABI3, and TREM2 implicate microglial-mediated innate immunity in Alzheimer's disease.",Alzheimer's disease (late onset),"up to 16,097 European ancestry cases, up to 18,077 European ancestry controls","up to 20,693 European ancestry cases, up to 30,266 European ancestry controls",2q14.3,2,127068957,BIN1,BIN1,,,ENSG00000136717,NA,NA,rs1060743-?,rs1060743,0,1060743,synonymous_variant,0,NR,5e-8,7.301029995663981,,1.1066935,,Illumina [241551],N,late-onset Alzheimers disease,http://www.ebi.ac.uk/efo/EFO_1001870,GCST005549,Exome genotyping array
CLU,2018-04-30,28714976,Sims R,2017-09-01,Nat Genet,www.ncbi.nlm.nih.gov/pubmed/28714976,"Rare coding variants in PLCG2, ABI3, and TREM2 implicate microglial-mediated innate immunity in Alzheimer's disease.",Alzheimer's disease (late onset),"up to 16,097 European ancestry cases, up to 18,077 European ancestry controls","up to 20,693 European ancestry cases, up to 30,266 European ancestry controls",8p21.1,8,27608798,CLU,CLU,,,ENSG00000120885,NA,NA,rs1532278-?,rs1532278,0,1532278,non_coding_transcript_exon_variant,0,NR,6e-10,9.221848749616356,,1.1177499,,Illumina [241551],N,late-onset Alzheimers disease,http://www.ebi.ac.uk/efo/EFO_1001870,GCST005549,Exome genotyping array
CR1,2018-04-30,28714976,Sims R,2017-09-01,Nat Genet,www.ncbi.nlm.nih.gov/pubmed/28714976,"Rare coding variants in PLCG2, ABI3, and TREM2 implicate microglial-mediated innate immunity in Alzheimer's disease.",Alzheimer's disease (late onset),"up to 16,097 European ancestry cases, up to 18,077 European ancestry controls","up to 20,693 European ancestry cases, up to 30,266 European ancestry controls",1q32.2,1,207518704,CR1,CR1,,,ENSG00000203710,NA,NA,rs6656401-?,rs6656401,0,6656401,intron_variant,0,NR,7e-11,10.154901959985743,,1.1725225,,Illumina [241551],N,late-onset Alzheimers disease,http://www.ebi.ac.uk/efo/EFO_1001870,GCST005549,Exome genotyping array
APOE,2018-04-30,28714976,Sims R,2017-09-01,Nat Genet,www.ncbi.nlm.nih.gov/pubmed/28714976,"Rare coding variants in PLCG2, ABI3, and TREM2 implicate microglial-mediated innate immunity in Alzheimer's disease.",Alzheimer's disease (late onset),"up to 16,097 European ancestry cases, up to 18,077 European ancestry controls","up to 20,693 European ancestry cases, up to 30,266 European ancestry controls",19q13.32,19,44908822,APOE,APOE,,,ENSG00000130203,NA,NA,rs7412-?,rs7412,0,7412,missense_variant,0,NR,3e-105,104.52287874528034,,2.3065467,,Illumina [241551],N,late-onset Alzheimers disease,http://www.ebi.ac.uk/efo/EFO_1001870,GCST005549,Exome genotyping array
TREM2,2018-04-30,28714976,Sims R,2017-09-01,Nat Genet,www.ncbi.nlm.nih.gov/pubmed/28714976,"Rare coding variants in PLCG2, ABI3, and TREM2 implicate microglial-mediated innate immunity in Alzheimer's disease.",Alzheimer's disease (late onset),"up to 16,097 European ancestry cases, up to 18,077 European ancestry controls","up to 20,693 European ancestry cases, up to 30,266 European ancestry controls",6p21.1,6,41161469,TREM2,TREM2,,,ENSG00000095970,NA,NA,rs143332484-T,rs143332484,0,143332484,missense_variant,0,NR,2e-14,13.698970004336019,,1.6665556,[1.46-1.90],Illumina [241551],N,late-onset Alzheimers disease,http://www.ebi.ac.uk/efo/EFO_1001870,GCST005549,Exome genotyping array
ABI3,2018-04-30,28714976,Sims R,2017-09-01,Nat Genet,www.ncbi.nlm.nih.gov/pubmed/28714976,"Rare coding variants in PLCG2, ABI3, and TREM2 implicate microglial-mediated innate immunity in Alzheimer's disease.",Alzheimer's disease (late onset),"up to 16,097 European ancestry cases, up to 18,077 European ancestry controls","up to 20,693 European ancestry cases, up to 30,266 European ancestry controls",17q21.32,17,49219935,ABI3,ABI3,,,ENSG00000108798,NA,NA,rs616338-T,rs616338,0,616338,missense_variant,0,NR,5e-10,9.301029995663981,,1.4296066,[1.3-1.6],Illumina [241551],N,late-onset Alzheimers disease,http://www.ebi.ac.uk/efo/EFO_1001870,GCST005549,Exome genotyping array
PLCG2,2018-04-30,28714976,Sims R,2017-09-01,Nat Genet,www.ncbi.nlm.nih.gov/pubmed/28714976,"Rare coding variants in PLCG2, ABI3, and TREM2 implicate microglial-mediated innate immunity in Alzheimer's disease.",Alzheimer's disease (late onset),"up to 16,097 European ancestry cases, up to 18,077 European ancestry controls","up to 20,693 European ancestry cases, up to 30,266 European ancestry controls",16q23.3,16,81908423,PLCG2,PLCG2,,,ENSG00000197943,NA,NA,rs72824905-?,rs72824905,0,72824905,missense_variant,0,NR,5e-10,9.301029995663981,,1.4756235,[1.25-1.67],Illumina [241551],N,late-onset Alzheimers disease,http://www.ebi.ac.uk/efo/EFO_1001870,GCST005549,Exome genotyping array
TREM2,2018-04-30,28714976,Sims R,2017-09-01,Nat Genet,www.ncbi.nlm.nih.gov/pubmed/28714976,"Rare coding variants in PLCG2, ABI3, and TREM2 implicate microglial-mediated innate immunity in Alzheimer's disease.",Alzheimer's disease (late onset),"up to 16,097 European ancestry cases, up to 18,077 European ancestry controls","up to 20,693 European ancestry cases, up to 30,266 European ancestry controls",6p21.1,6,41161514,TREM2,TREM2,,,ENSG00000095970,NA,NA,rs75932628-T,rs75932628,0,75932628,missense_variant,0,NR,5e-24,23.30102999566398,,2.4557426,[2.06-2.92],Illumina [241551],N,late-onset Alzheimers disease,http://www.ebi.ac.uk/efo/EFO_1001870,GCST005549,Exome genotyping array
ATP5C1,2018-04-30,28714976,Sims R,2017-09-01,Nat Genet,www.ncbi.nlm.nih.gov/pubmed/28714976,"Rare coding variants in PLCG2, ABI3, and TREM2 implicate microglial-mediated innate immunity in Alzheimer's disease.",Alzheimer's disease (late onset),"up to 16,097 European ancestry cases, up to 18,077 European ancestry controls","up to 20,693 European ancestry cases, up to 30,266 European ancestry controls",10p14,10,7799848,ATP5C1,ATP5F1C,,,ENSG00000165629,NA,NA,rs139967528-G,rs139967528,0,139967528,missense_variant,0,NR,6e-10,9.221848749616356,,6.119662,[3.45-10.9],Illumina [241551],N,late-onset Alzheimers disease,http://www.ebi.ac.uk/efo/EFO_1001870,GCST005549,Exome genotyping array
